Age_Group,Skin_Type,Main_Skin_Concern,Monthly_Spending_RM,Preferred_Product,Purchase_Channel,Region
35-44,Oily,Dryness,167,Cleanser,Lazada,Penang
45+,Oily,Dryness,350,Sunscreen,Lazada,Penang
18-24,Oily,Dryness,210,Serum,Lazada,Johor
35-44,Sensitive,Wrinkles,247,Sunscreen,Guardian,Johor
35-44,Normal,Acne,309,Moisturizer,Watsons,Penang
45+,Sensitive,Pigmentation,197,Essence,Lazada,Negeri Sembilan
18-24,Normal,Sensitivity,289,Toner,Watsons,KL
18-24,Sensitive,Pigmentation,96,Serum,Lazada,Negeri Sembilan
35-44,Sensitive,Pigmentation,247,Moisturizer,Lazada,Johor
25-34,Combination,Dullness,96,Essence,Guardian,Negeri Sembilan
35-44,Sensitive,Acne,127,Cleanser,Shopee,Negeri Sembilan
35-44,Dry,Dullness,173,Serum,Guardian,Sabah
35-44,Combination,Acne,124,Toner,Lazada,Sabah
35-44,Sensitive,Acne,186,Essence,Lazada,Selangor
45+,Oily,Dryness,139,Toner,Shopee,Perak
18-24,Dry,Wrinkles,374,Cleanser,Watsons,Penang
45+,Dry,Dryness,110,Cleanser,Watsons,KL
45+,Dry,Wrinkles,187,Serum,Lazada,Selangor
45+,Combination,Dullness,99,Sunscreen,Watsons,Penang
35-44,Sensitive,Wrinkles,308,Cleanser,Lazada,Negeri Sembilan
25-34,Sensitive,Dullness,156,Essence,Shopee,Johor
18-24,Oily,Pigmentation,162,Sunscreen,Shopee,Sabah
25-34,Oily,Pigmentation,399,Moisturizer,Lazada,Sarawak
45+,Dry,Wrinkles,303,Toner,Shopee,KL
45+,Oily,Wrinkles,167,Sunscreen,Guardian,Negeri Sembilan
25-34,Combination,Dullness,247,Toner,Guardian,Sarawak
25-34,Sensitive,Dryness,386,Sunscreen,Shopee,Sabah
25-34,Dry,Dullness,100,Moisturizer,Lazada,Negeri Sembilan
45+,Oily,Dryness,294,Cleanser,Lazada,Perak
45+,Combination,Pigmentation,84,Moisturizer,Shopee,Perak
18-24,Combination,Acne,351,Cleanser,Watsons,Sarawak
18-24,Oily,Wrinkles,118,Cleanser,Guardian,Johor
45+,Sensitive,Dryness,398,Toner,Watsons,Negeri Sembilan
25-34,Oily,Dullness,369,Essence,Lazada,Penang
25-34,Dry,Pigmentation,98,Moisturizer,Lazada,Negeri Sembilan
18-24,Oily,Dryness,123,Sunscreen,Watsons,Johor
45+,Combination,Dullness,241,Moisturizer,Shopee,Negeri Sembilan
18-24,Oily,Wrinkles,310,Toner,Watsons,Sarawak
18-24,Sensitive,Wrinkles,119,Cleanser,Watsons,Johor
35-44,Normal,Sensitivity,139,Toner,Guardian,Sabah
35-44,Oily,Acne,309,Serum,Guardian,KL
35-44,Sensitive,Sensitivity,175,Serum,Watsons,Johor
25-34,Sensitive,Pigmentation,280,Sunscreen,Watsons,Negeri Sembilan
45+,Combination,Dryness,344,Toner,Lazada,Sabah
45+,Sensitive,Pigmentation,178,Sunscreen,Guardian,KL
45+,Sensitive,Dullness,329,Sunscreen,Guardian,Perak
45+,Sensitive,Wrinkles,362,Serum,Lazada,Penang
35-44,Sensitive,Sensitivity,149,Sunscreen,Shopee,Sarawak
25-34,Dry,Sensitivity,375,Serum,Guardian,Negeri Sembilan
25-34,Dry,Sensitivity,346,Cleanser,Guardian,Negeri Sembilan
35-44,Combination,Pigmentation,231,Toner,Shopee,Perak
25-34,Oily,Wrinkles,223,Sunscreen,Guardian,Penang
35-44,Sensitive,Dryness,365,Serum,Guardian,Perak
45+,Oily,Dullness,237,Moisturizer,Shopee,Selangor
35-44,Oily,Dryness,106,Sunscreen,Shopee,Perak
45+,Combination,Pigmentation,80,Essence,Watsons,Sabah
45+,Sensitive,Dullness,133,Cleanser,Lazada,KL
18-24,Sensitive,Sensitivity,201,Cleanser,Lazada,Negeri Sembilan
35-44,Normal,Acne,85,Moisturizer,Shopee,Perak
18-24,Oily,Pigmentation,262,Serum,Shopee,Negeri Sembilan
35-44,Oily,Pigmentation,155,Sunscreen,Guardian,Johor
35-44,Dry,Wrinkles,391,Serum,Watsons,Penang
18-24,Normal,Dryness,269,Cleanser,Watsons,Perak
18-24,Dry,Pigmentation,212,Serum,Shopee,KL
35-44,Dry,Pigmentation,269,Cleanser,Guardian,Sabah
25-34,Dry,Sensitivity,319,Serum,Guardian,Selangor
45+,Combination,Sensitivity,169,Moisturizer,Lazada,Negeri Sembilan
18-24,Combination,Dullness,385,Toner,Lazada,Penang
45+,Dry,Acne,231,Moisturizer,Guardian,Sarawak
25-34,Normal,Wrinkles,155,Moisturizer,Lazada,KL
25-34,Oily,Acne,266,Toner,Shopee,Sarawak
25-34,Normal,Dullness,254,Toner,Guardian,KL
18-24,Sensitive,Sensitivity,119,Sunscreen,Lazada,KL
25-34,Combination,Dryness,93,Sunscreen,Watsons,Sabah
18-24,Oily,Sensitivity,378,Moisturizer,Guardian,Sabah
25-34,Oily,Wrinkles,350,Moisturizer,Guardian,Sabah
45+,Sensitive,Sensitivity,277,Cleanser,Watsons,Perak
45+,Sensitive,Wrinkles,233,Cleanser,Shopee,Johor
35-44,Dry,Wrinkles,156,Sunscreen,Watsons,KL
45+,Combination,Wrinkles,133,Essence,Guardian,Penang
35-44,Combination,Dullness,387,Essence,Shopee,Sarawak
45+,Normal,Wrinkles,299,Sunscreen,Lazada,Sabah
18-24,Dry,Wrinkles,70,Cleanser,Lazada,Perak
45+,Dry,Dryness,245,Cleanser,Lazada,Sabah
35-44,Dry,Acne,227,Essence,Guardian,Sarawak
35-44,Dry,Pigmentation,56,Serum,Watsons,Sarawak
25-34,Combination,Acne,119,Serum,Shopee,Negeri Sembilan
18-24,Combination,Wrinkles,176,Cleanser,Lazada,KL
45+,Dry,Dryness,209,Serum,Shopee,Sabah
25-34,Normal,Sensitivity,297,Toner,Guardian,Sarawak
45+,Oily,Dryness,252,Sunscreen,Lazada,Johor
45+,Oily,Wrinkles,197,Sunscreen,Guardian,Johor
25-34,Normal,Dryness,192,Cleanser,Watsons,Sabah
25-34,Dry,Dryness,248,Moisturizer,Guardian,Perak
25-34,Combination,Wrinkles,203,Essence,Guardian,Sarawak
25-34,Oily,Dullness,191,Cleanser,Watsons,Negeri Sembilan
25-34,Sensitive,Dryness,362,Serum,Shopee,KL
45+,Sensitive,Pigmentation,214,Essence,Watsons,KL
25-34,Normal,Pigmentation,363,Moisturizer,Watsons,Perak
18-24,Dry,Dryness,70,Serum,Guardian,Negeri Sembilan
35-44,Oily,Dullness,131,Toner,Shopee,KL
25-34,Dry,Sensitivity,118,Serum,Lazada,Negeri Sembilan
25-34,Oily,Wrinkles,180,Toner,Watsons,Selangor
45+,Normal,Pigmentation,136,Essence,Shopee,Sabah
25-34,Normal,Sensitivity,267,Toner,Watsons,KL
25-34,Sensitive,Dryness,354,Essence,Watsons,Johor
25-34,Dry,Sensitivity,394,Essence,Watsons,Sarawak
45+,Sensitive,Acne,390,Essence,Watsons,Negeri Sembilan
25-34,Dry,Pigmentation,210,Essence,Guardian,Negeri Sembilan
35-44,Sensitive,Dryness,227,Essence,Shopee,Penang
45+,Combination,Wrinkles,166,Serum,Shopee,Perak
35-44,Combination,Dullness,245,Essence,Shopee,Penang
45+,Combination,Dryness,376,Serum,Watsons,KL
25-34,Combination,Wrinkles,135,Essence,Guardian,Penang
35-44,Oily,Dullness,338,Toner,Watsons,Penang
45+,Combination,Dullness,130,Essence,Watsons,Selangor
18-24,Normal,Dryness,201,Moisturizer,Shopee,Negeri Sembilan
25-34,Normal,Sensitivity,110,Essence,Watsons,Johor
45+,Oily,Sensitivity,110,Essence,Lazada,Perak
18-24,Combination,Dullness,77,Toner,Watsons,Johor
45+,Combination,Sensitivity,92,Sunscreen,Lazada,Selangor
18-24,Combination,Acne,218,Toner,Watsons,Selangor
25-34,Sensitive,Dullness,135,Moisturizer,Guardian,Penang
35-44,Dry,Dullness,226,Sunscreen,Guardian,Sabah
18-24,Sensitive,Wrinkles,66,Cleanser,Shopee,Negeri Sembilan
45+,Dry,Sensitivity,147,Cleanser,Watsons,Sarawak
25-34,Combination,Dullness,247,Moisturizer,Lazada,Negeri Sembilan
18-24,Combination,Acne,147,Toner,Lazada,Sarawak
45+,Sensitive,Wrinkles,114,Serum,Watsons,Penang
45+,Sensitive,Dryness,379,Moisturizer,Lazada,Sarawak
45+,Dry,Dullness,390,Sunscreen,Guardian,Selangor
18-24,Normal,Acne,54,Sunscreen,Lazada,Johor
18-24,Dry,Pigmentation,51,Essence,Shopee,Sarawak
18-24,Sensitive,Acne,71,Cleanser,Guardian,Negeri Sembilan
35-44,Sensitive,Acne,161,Sunscreen,Guardian,Perak
18-24,Oily,Wrinkles,106,Moisturizer,Guardian,Penang
18-24,Sensitive,Dryness,115,Sunscreen,Watsons,Sabah
18-24,Oily,Pigmentation,379,Moisturizer,Watsons,Penang
35-44,Normal,Sensitivity,147,Serum,Guardian,KL
18-24,Dry,Sensitivity,193,Essence,Watsons,Penang
45+,Dry,Acne,174,Cleanser,Lazada,Selangor
18-24,Oily,Wrinkles,216,Sunscreen,Watsons,Johor
45+,Dry,Wrinkles,135,Moisturizer,Watsons,Johor
45+,Sensitive,Sensitivity,125,Toner,Guardian,Perak
45+,Combination,Pigmentation,393,Cleanser,Shopee,Sarawak
35-44,Oily,Dryness,343,Serum,Shopee,Selangor
35-44,Dry,Pigmentation,108,Moisturizer,Shopee,KL
35-44,Oily,Dullness,187,Essence,Lazada,Selangor
18-24,Oily,Dullness,148,Essence,Watsons,Penang
45+,Combination,Dryness,241,Serum,Shopee,Selangor
35-44,Sensitive,Sensitivity,292,Serum,Guardian,Selangor
35-44,Oily,Dryness,368,Essence,Shopee,Perak
18-24,Dry,Wrinkles,98,Sunscreen,Shopee,KL
35-44,Normal,Dullness,81,Sunscreen,Watsons,Penang
18-24,Oily,Acne,326,Moisturizer,Watsons,Sabah
25-34,Oily,Acne,69,Toner,Watsons,Perak
35-44,Combination,Sensitivity,203,Moisturizer,Lazada,Sabah
25-34,Sensitive,Wrinkles,117,Toner,Lazada,Perak
18-24,Normal,Pigmentation,263,Serum,Shopee,Johor
45+,Dry,Wrinkles,192,Cleanser,Watsons,Negeri Sembilan
35-44,Normal,Acne,281,Moisturizer,Shopee,Perak
18-24,Dry,Acne,262,Moisturizer,Guardian,Sarawak
45+,Sensitive,Dullness,128,Toner,Guardian,Selangor
45+,Dry,Wrinkles,263,Serum,Watsons,Johor
25-34,Combination,Wrinkles,165,Serum,Watsons,KL
18-24,Combination,Acne,141,Toner,Guardian,Sabah
45+,Combination,Pigmentation,319,Serum,Watsons,Negeri Sembilan
35-44,Combination,Sensitivity,217,Essence,Lazada,Negeri Sembilan
35-44,Normal,Sensitivity,107,Sunscreen,Lazada,Perak
25-34,Sensitive,Wrinkles,333,Essence,Watsons,Selangor
45+,Dry,Sensitivity,75,Cleanser,Guardian,KL
18-24,Dry,Acne,115,Moisturizer,Shopee,Sarawak
35-44,Combination,Acne,297,Cleanser,Watsons,KL
45+,Combination,Wrinkles,303,Moisturizer,Watsons,Selangor
45+,Oily,Wrinkles,93,Sunscreen,Shopee,Sarawak
25-34,Sensitive,Dullness,146,Serum,Watsons,KL
35-44,Normal,Wrinkles,91,Essence,Shopee,Sarawak
35-44,Dry,Pigmentation,276,Toner,Guardian,Perak
18-24,Oily,Sensitivity,311,Essence,Lazada,Perak
35-44,Oily,Wrinkles,216,Sunscreen,Guardian,Selangor
18-24,Dry,Dryness,328,Cleanser,Lazada,Selangor
35-44,Normal,Dullness,138,Toner,Shopee,Sarawak
25-34,Oily,Dryness,227,Serum,Lazada,Penang
35-44,Oily,Acne,246,Sunscreen,Guardian,Johor
18-24,Sensitive,Sensitivity,356,Toner,Lazada,Negeri Sembilan
18-24,Normal,Wrinkles,316,Sunscreen,Shopee,KL
25-34,Oily,Dryness,317,Sunscreen,Lazada,KL
35-44,Normal,Sensitivity,123,Serum,Watsons,Penang
35-44,Dry,Acne,57,Moisturizer,Guardian,Penang
25-34,Combination,Pigmentation,346,Toner,Watsons,Penang
35-44,Oily,Dullness,213,Serum,Shopee,Sabah
35-44,Sensitive,Sensitivity,134,Sunscreen,Lazada,Sabah
18-24,Dry,Sensitivity,121,Serum,Watsons,Sarawak
35-44,Normal,Pigmentation,104,Moisturizer,Watsons,Sabah
35-44,Dry,Sensitivity,96,Essence,Lazada,Perak
25-34,Oily,Acne,287,Toner,Lazada,Perak
25-34,Normal,Acne,153,Moisturizer,Guardian,Selangor
45+,Combination,Pigmentation,259,Cleanser,Watsons,Negeri Sembilan
18-24,Dry,Dullness,91,Toner,Watsons,Sarawak
35-44,Oily,Wrinkles,365,Moisturizer,Shopee,Negeri Sembilan
35-44,Sensitive,Dryness,317,Sunscreen,Guardian,KL
45+,Normal,Wrinkles,312,Toner,Shopee,Johor
35-44,Dry,Sensitivity,385,Toner,Watsons,Selangor
18-24,Dry,Dryness,308,Serum,Shopee,KL
45+,Combination,Pigmentation,332,Sunscreen,Watsons,KL
18-24,Combination,Pigmentation,163,Cleanser,Watsons,Sarawak
45+,Sensitive,Dullness,89,Essence,Shopee,Penang
45+,Sensitive,Dryness,269,Moisturizer,Shopee,Penang
25-34,Oily,Acne,178,Serum,Lazada,Negeri Sembilan
18-24,Oily,Dryness,57,Moisturizer,Lazada,Selangor
35-44,Sensitive,Sensitivity,150,Cleanser,Lazada,Penang
35-44,Sensitive,Acne,225,Cleanser,Watsons,KL
18-24,Normal,Pigmentation,156,Toner,Shopee,Penang
35-44,Combination,Dryness,150,Cleanser,Guardian,Sabah
35-44,Oily,Wrinkles,309,Moisturizer,Watsons,Penang
18-24,Combination,Dullness,295,Sunscreen,Guardian,KL
45+,Combination,Wrinkles,324,Sunscreen,Shopee,Negeri Sembilan
18-24,Sensitive,Dullness,81,Toner,Watsons,Sarawak
45+,Normal,Sensitivity,186,Essence,Guardian,Selangor
35-44,Dry,Wrinkles,61,Moisturizer,Guardian,Johor
35-44,Normal,Dryness,351,Moisturizer,Lazada,Penang
35-44,Normal,Dryness,65,Cleanser,Lazada,Perak
25-34,Combination,Wrinkles,178,Moisturizer,Lazada,Perak
45+,Normal,Dryness,112,Serum,Watsons,Negeri Sembilan
25-34,Oily,Sensitivity,158,Essence,Shopee,KL
25-34,Combination,Acne,70,Cleanser,Shopee,Johor
18-24,Oily,Sensitivity,207,Serum,Lazada,Johor
25-34,Dry,Dullness,318,Toner,Lazada,Sabah
18-24,Combination,Sensitivity,211,Sunscreen,Lazada,Johor
18-24,Dry,Dullness,309,Toner,Guardian,Perak
25-34,Combination,Dryness,151,Sunscreen,Lazada,Sarawak
45+,Sensitive,Acne,272,Toner,Guardian,KL
45+,Normal,Dryness,108,Moisturizer,Shopee,KL
45+,Sensitive,Pigmentation,296,Serum,Watsons,Penang
45+,Dry,Dryness,177,Sunscreen,Watsons,Penang
45+,Normal,Dullness,332,Cleanser,Watsons,Penang
25-34,Combination,Dryness,374,Serum,Watsons,Perak
25-34,Normal,Dryness,74,Cleanser,Guardian,Perak
35-44,Oily,Acne,180,Serum,Guardian,Negeri Sembilan
45+,Normal,Dryness,245,Serum,Lazada,Perak
25-34,Oily,Acne,330,Toner,Guardian,Perak
35-44,Normal,Wrinkles,203,Sunscreen,Lazada,Perak
45+,Oily,Pigmentation,182,Sunscreen,Lazada,Perak
18-24,Dry,Acne,276,Serum,Watsons,Sarawak
35-44,Sensitive,Dullness,238,Moisturizer,Guardian,Perak
25-34,Combination,Wrinkles,314,Moisturizer,Guardian,Negeri Sembilan
18-24,Normal,Acne,183,Cleanser,Lazada,Johor
18-24,Sensitive,Acne,260,Cleanser,Lazada,Johor
18-24,Combination,Pigmentation,109,Toner,Shopee,Sabah
35-44,Combination,Dullness,262,Serum,Shopee,Sarawak
25-34,Oily,Sensitivity,265,Cleanser,Lazada,Penang
18-24,Dry,Sensitivity,275,Cleanser,Shopee,Selangor
45+,Dry,Acne,180,Essence,Shopee,Perak
18-24,Sensitive,Dryness,125,Serum,Lazada,Sabah
18-24,Dry,Dullness,335,Toner,Lazada,Selangor
35-44,Normal,Wrinkles,326,Cleanser,Guardian,Negeri Sembilan
35-44,Dry,Dryness,205,Toner,Lazada,Johor
25-34,Sensitive,Dryness,297,Sunscreen,Lazada,Sabah
45+,Dry,Dullness,267,Toner,Watsons,Negeri Sembilan
35-44,Normal,Acne,239,Moisturizer,Guardian,Sabah
18-24,Oily,Acne,212,Moisturizer,Guardian,KL
25-34,Sensitive,Acne,229,Toner,Guardian,Negeri Sembilan
18-24,Oily,Acne,83,Moisturizer,Watsons,Johor
18-24,Oily,Sensitivity,90,Sunscreen,Lazada,Johor
35-44,Oily,Acne,356,Serum,Guardian,Sarawak
25-34,Combination,Sensitivity,387,Moisturizer,Guardian,Sabah
45+,Combination,Sensitivity,363,Moisturizer,Shopee,Perak
45+,Oily,Acne,124,Toner,Guardian,Johor
35-44,Sensitive,Pigmentation,328,Sunscreen,Lazada,Sabah
35-44,Normal,Wrinkles,225,Serum,Lazada,Sarawak
25-34,Normal,Dryness,199,Toner,Shopee,Perak
45+,Dry,Sensitivity,322,Toner,Guardian,Negeri Sembilan
45+,Sensitive,Dullness,374,Essence,Guardian,Sarawak
45+,Combination,Dullness,157,Sunscreen,Guardian,KL
18-24,Oily,Wrinkles,188,Serum,Watsons,Perak
45+,Dry,Dullness,399,Sunscreen,Guardian,Sabah
18-24,Normal,Pigmentation,320,Serum,Lazada,Johor
25-34,Combination,Dullness,396,Sunscreen,Lazada,Johor
18-24,Combination,Dryness,338,Toner,Watsons,Sabah
25-34,Oily,Dryness,261,Toner,Watsons,Sabah
45+,Normal,Sensitivity,321,Cleanser,Guardian,Sabah
45+,Sensitive,Acne,115,Moisturizer,Shopee,Penang
25-34,Combination,Pigmentation,297,Essence,Watsons,Perak
35-44,Oily,Sensitivity,205,Sunscreen,Watsons,Johor
25-34,Sensitive,Pigmentation,96,Essence,Guardian,Perak
35-44,Normal,Acne,250,Cleanser,Guardian,Sarawak
18-24,Combination,Dullness,197,Moisturizer,Watsons,Johor
18-24,Sensitive,Dullness,173,Sunscreen,Shopee,Penang
18-24,Sensitive,Acne,50,Serum,Watsons,Sabah
45+,Sensitive,Sensitivity,296,Moisturizer,Guardian,KL
18-24,Combination,Acne,392,Toner,Guardian,Sabah
35-44,Combination,Wrinkles,177,Cleanser,Watsons,Negeri Sembilan
18-24,Dry,Dryness,240,Moisturizer,Shopee,Sabah
25-34,Normal,Sensitivity,116,Moisturizer,Watsons,Penang
25-34,Oily,Pigmentation,53,Toner,Watsons,Perak
45+,Sensitive,Wrinkles,352,Sunscreen,Guardian,Johor
25-34,Dry,Sensitivity,343,Serum,Shopee,Sabah
35-44,Oily,Acne,192,Toner,Lazada,Johor
18-24,Dry,Acne,240,Serum,Shopee,Selangor
45+,Combination,Acne,70,Sunscreen,Watsons,Sarawak
18-24,Sensitive,Acne,276,Moisturizer,Watsons,Perak
18-24,Oily,Pigmentation,362,Serum,Watsons,Johor
35-44,Oily,Wrinkles,166,Cleanser,Shopee,KL
25-34,Oily,Dullness,351,Cleanser,Guardian,Sarawak
25-34,Oily,Dryness,191,Toner,Watsons,Negeri Sembilan
18-24,Oily,Pigmentation,88,Sunscreen,Watsons,Negeri Sembilan
45+,Dry,Pigmentation,301,Toner,Shopee,KL
25-34,Sensitive,Dullness,382,Toner,Lazada,Sabah
45+,Combination,Dullness,256,Essence,Lazada,Sarawak
25-34,Combination,Dryness,259,Toner,Guardian,Johor
45+,Combination,Dryness,164,Essence,Guardian,Sarawak
35-44,Combination,Dullness,274,Cleanser,Watsons,Sabah
45+,Dry,Acne,183,Cleanser,Shopee,Penang
35-44,Normal,Pigmentation,300,Toner,Watsons,Perak
35-44,Sensitive,Sensitivity,268,Cleanser,Guardian,KL
45+,Oily,Dryness,140,Sunscreen,Shopee,Sabah
35-44,Normal,Dryness,95,Essence,Shopee,Penang
18-24,Combination,Dullness,87,Essence,Guardian,Sarawak
35-44,Normal,Wrinkles,191,Toner,Lazada,Sarawak
25-34,Sensitive,Sensitivity,149,Cleanser,Lazada,Sabah
45+,Oily,Sensitivity,377,Serum,Shopee,Johor
18-24,Oily,Dryness,239,Essence,Watsons,Sarawak
45+,Sensitive,Acne,84,Toner,Lazada,Johor
25-34,Sensitive,Wrinkles,196,Toner,Watsons,Johor
25-34,Combination,Sensitivity,79,Sunscreen,Lazada,Perak
25-34,Oily,Dryness,383,Moisturizer,Lazada,Johor
35-44,Normal,Sensitivity,133,Moisturizer,Watsons,Selangor
35-44,Dry,Wrinkles,330,Essence,Guardian,Perak
45+,Dry,Wrinkles,393,Sunscreen,Lazada,Penang
45+,Sensitive,Pigmentation,319,Sunscreen,Lazada,Penang
18-24,Combination,Dullness,203,Sunscreen,Watsons,Sarawak
18-24,Dry,Dullness,151,Essence,Guardian,Sarawak
45+,Oily,Dryness,264,Moisturizer,Lazada,Johor
35-44,Sensitive,Wrinkles,199,Sunscreen,Lazada,Perak
25-34,Normal,Pigmentation,132,Cleanser,Guardian,Perak
45+,Sensitive,Pigmentation,159,Toner,Lazada,Selangor
18-24,Normal,Sensitivity,324,Toner,Guardian,Johor
35-44,Sensitive,Sensitivity,250,Serum,Guardian,Selangor
45+,Sensitive,Pigmentation,333,Serum,Watsons,Negeri Sembilan
45+,Sensitive,Sensitivity,222,Essence,Shopee,Johor
35-44,Normal,Wrinkles,376,Essence,Guardian,KL
45+,Normal,Acne,255,Toner,Watsons,KL
35-44,Sensitive,Wrinkles,112,Cleanser,Shopee,Sabah
25-34,Dry,Pigmentation,122,Moisturizer,Lazada,Johor
35-44,Combination,Pigmentation,300,Moisturizer,Shopee,Perak
35-44,Combination,Wrinkles,173,Essence,Guardian,Sarawak
35-44,Combination,Sensitivity,170,Cleanser,Guardian,Penang
45+,Normal,Sensitivity,324,Essence,Guardian,Sabah
45+,Normal,Dullness,169,Moisturizer,Guardian,Sarawak
35-44,Dry,Pigmentation,366,Essence,Guardian,KL
45+,Combination,Dryness,213,Sunscreen,Watsons,Johor
18-24,Combination,Dullness,335,Essence,Guardian,Sabah
18-24,Sensitive,Sensitivity,314,Toner,Watsons,Johor
45+,Normal,Wrinkles,369,Essence,Lazada,KL
45+,Combination,Sensitivity,210,Toner,Guardian,Sabah
35-44,Dry,Wrinkles,357,Cleanser,Guardian,KL
25-34,Dry,Dullness,138,Moisturizer,Shopee,Selangor
45+,Combination,Pigmentation,191,Serum,Lazada,KL
18-24,Normal,Sensitivity,252,Serum,Guardian,Perak
35-44,Dry,Wrinkles,358,Moisturizer,Guardian,Perak
45+,Sensitive,Pigmentation,276,Serum,Lazada,Johor
18-24,Dry,Dryness,383,Essence,Watsons,Penang
18-24,Oily,Wrinkles,271,Cleanser,Guardian,KL
25-34,Oily,Dullness,90,Cleanser,Shopee,Sarawak
35-44,Normal,Dryness,245,Moisturizer,Guardian,Perak
35-44,Combination,Dryness,117,Serum,Shopee,Negeri Sembilan
25-34,Normal,Acne,313,Essence,Shopee,Penang
25-34,Normal,Sensitivity,51,Cleanser,Guardian,Selangor
35-44,Normal,Wrinkles,174,Cleanser,Guardian,Sabah
35-44,Normal,Dryness,159,Sunscreen,Shopee,Sabah
45+,Sensitive,Acne,135,Sunscreen,Lazada,Perak
45+,Sensitive,Dullness,169,Cleanser,Lazada,Penang
25-34,Dry,Pigmentation,176,Moisturizer,Guardian,Perak
45+,Oily,Wrinkles,304,Toner,Watsons,Sabah
18-24,Normal,Dryness,232,Toner,Lazada,Negeri Sembilan
45+,Dry,Sensitivity,65,Essence,Guardian,KL
45+,Oily,Acne,111,Cleanser,Lazada,Penang
18-24,Combination,Dryness,207,Cleanser,Watsons,Johor
25-34,Sensitive,Sensitivity,317,Cleanser,Guardian,KL
18-24,Oily,Dryness,84,Moisturizer,Watsons,KL
45+,Combination,Wrinkles,316,Sunscreen,Guardian,KL
25-34,Oily,Wrinkles,113,Cleanser,Watsons,Johor
45+,Sensitive,Wrinkles,99,Cleanser,Lazada,Negeri Sembilan
18-24,Sensitive,Dullness,304,Serum,Lazada,Selangor
18-24,Dry,Dullness,198,Moisturizer,Watsons,Negeri Sembilan
45+,Normal,Acne,374,Essence,Watsons,Negeri Sembilan
35-44,Oily,Wrinkles,353,Cleanser,Watsons,Negeri Sembilan
35-44,Oily,Sensitivity,325,Serum,Guardian,Sarawak
18-24,Combination,Dryness,221,Toner,Lazada,Perak
18-24,Sensitive,Pigmentation,250,Essence,Guardian,Sabah
35-44,Oily,Sensitivity,373,Cleanser,Lazada,Perak
35-44,Sensitive,Dullness,84,Cleanser,Shopee,Penang
45+,Oily,Dullness,265,Serum,Guardian,Negeri Sembilan
45+,Dry,Sensitivity,114,Moisturizer,Lazada,Selangor
35-44,Normal,Dullness,57,Cleanser,Lazada,Penang
45+,Oily,Wrinkles,350,Toner,Guardian,Perak
45+,Sensitive,Acne,392,Cleanser,Guardian,Sabah
25-34,Dry,Dryness,381,Toner,Lazada,Johor
45+,Oily,Acne,125,Essence,Guardian,Perak
18-24,Combination,Dryness,223,Essence,Watsons,KL
45+,Normal,Dryness,96,Sunscreen,Guardian,Perak
45+,Oily,Acne,64,Sunscreen,Guardian,KL
35-44,Dry,Sensitivity,196,Toner,Guardian,Johor
18-24,Combination,Dryness,75,Moisturizer,Lazada,Perak
45+,Dry,Acne,357,Cleanser,Watsons,Selangor
45+,Dry,Dryness,142,Cleanser,Shopee,Selangor
25-34,Combination,Pigmentation,281,Sunscreen,Shopee,Penang
45+,Dry,Sensitivity,70,Toner,Watsons,Johor
45+,Combination,Wrinkles,356,Cleanser,Watsons,Negeri Sembilan
25-34,Oily,Dryness,87,Cleanser,Watsons,Selangor
35-44,Combination,Pigmentation,325,Moisturizer,Lazada,Perak
45+,Combination,Wrinkles,206,Serum,Shopee,Johor
25-34,Normal,Wrinkles,228,Sunscreen,Watsons,Sabah
18-24,Combination,Dryness,181,Sunscreen,Lazada,KL
35-44,Combination,Acne,360,Serum,Shopee,Perak
18-24,Oily,Dryness,397,Cleanser,Guardian,KL
18-24,Normal,Pigmentation,77,Moisturizer,Lazada,KL
25-34,Sensitive,Wrinkles,309,Moisturizer,Shopee,Negeri Sembilan
45+,Oily,Dryness,125,Sunscreen,Lazada,Johor
25-34,Oily,Acne,116,Moisturizer,Shopee,Johor
25-34,Sensitive,Dryness,391,Essence,Shopee,Penang
25-34,Combination,Sensitivity,243,Serum,Guardian,KL
25-34,Dry,Acne,211,Cleanser,Lazada,Penang
35-44,Normal,Pigmentation,396,Essence,Watsons,Negeri Sembilan
45+,Dry,Wrinkles,306,Serum,Guardian,KL
18-24,Sensitive,Dryness,121,Toner,Guardian,Penang
18-24,Oily,Acne,136,Sunscreen,Shopee,Penang
45+,Oily,Sensitivity,311,Moisturizer,Watsons,Sabah
18-24,Normal,Acne,263,Toner,Lazada,Penang
45+,Oily,Dullness,202,Moisturizer,Watsons,Johor
18-24,Oily,Sensitivity,259,Essence,Watsons,Penang
25-34,Normal,Pigmentation,110,Cleanser,Watsons,KL
18-24,Normal,Wrinkles,317,Cleanser,Watsons,Penang
45+,Sensitive,Pigmentation,311,Cleanser,Watsons,Selangor
45+,Oily,Dryness,267,Moisturizer,Shopee,Sarawak
45+,Oily,Acne,332,Toner,Shopee,KL
45+,Sensitive,Dullness,185,Cleanser,Guardian,Selangor
45+,Combination,Sensitivity,142,Toner,Shopee,Negeri Sembilan
35-44,Combination,Sensitivity,158,Moisturizer,Guardian,KL
35-44,Combination,Acne,290,Essence,Guardian,Johor
18-24,Sensitive,Dullness,191,Toner,Lazada,Sarawak
45+,Oily,Acne,340,Essence,Watsons,Sarawak
18-24,Sensitive,Dryness,286,Moisturizer,Shopee,Johor
45+,Sensitive,Pigmentation,389,Moisturizer,Lazada,Sarawak
45+,Combination,Sensitivity,361,Sunscreen,Shopee,Johor
35-44,Dry,Dryness,226,Moisturizer,Guardian,Selangor
35-44,Oily,Pigmentation,190,Moisturizer,Shopee,Negeri Sembilan
25-34,Combination,Dryness,238,Serum,Watsons,Sabah
35-44,Dry,Dullness,98,Cleanser,Guardian,KL
25-34,Dry,Sensitivity,351,Sunscreen,Guardian,Johor
25-34,Normal,Acne,239,Sunscreen,Lazada,KL
25-34,Oily,Acne,185,Sunscreen,Watsons,Negeri Sembilan
25-34,Dry,Pigmentation,92,Serum,Guardian,Selangor
25-34,Combination,Wrinkles,139,Essence,Watsons,Sabah
18-24,Normal,Dullness,344,Moisturizer,Shopee,Negeri Sembilan
35-44,Oily,Pigmentation,390,Cleanser,Watsons,Selangor
25-34,Sensitive,Wrinkles,294,Toner,Guardian,Sarawak
45+,Combination,Dryness,241,Essence,Lazada,KL
35-44,Dry,Dullness,367,Moisturizer,Guardian,Perak
35-44,Dry,Dryness,155,Serum,Watsons,Sabah
25-34,Combination,Sensitivity,359,Moisturizer,Watsons,Sarawak
18-24,Dry,Dullness,282,Moisturizer,Guardian,Negeri Sembilan
25-34,Normal,Wrinkles,314,Serum,Watsons,Sabah
18-24,Oily,Sensitivity,393,Sunscreen,Shopee,Sarawak
45+,Normal,Acne,86,Sunscreen,Guardian,Selangor
35-44,Dry,Wrinkles,354,Cleanser,Lazada,Johor
45+,Sensitive,Pigmentation,90,Cleanser,Guardian,KL
18-24,Oily,Acne,66,Sunscreen,Shopee,Penang
18-24,Oily,Acne,393,Essence,Shopee,Penang
45+,Combination,Pigmentation,326,Toner,Shopee,Selangor
18-24,Combination,Dullness,356,Moisturizer,Shopee,Negeri Sembilan
45+,Sensitive,Acne,108,Toner,Shopee,KL
35-44,Oily,Wrinkles,232,Moisturizer,Lazada,Negeri Sembilan
45+,Sensitive,Sensitivity,90,Sunscreen,Watsons,KL
35-44,Combination,Acne,88,Cleanser,Shopee,Selangor
45+,Combination,Wrinkles,241,Essence,Shopee,KL
18-24,Oily,Dryness,316,Cleanser,Guardian,Johor
45+,Normal,Wrinkles,196,Toner,Lazada,Negeri Sembilan
18-24,Dry,Sensitivity,382,Cleanser,Lazada,Selangor
45+,Combination,Wrinkles,176,Sunscreen,Watsons,Johor
45+,Combination,Pigmentation,95,Essence,Lazada,KL
25-34,Normal,Sensitivity,94,Toner,Guardian,Selangor
18-24,Normal,Dullness,50,Essence,Guardian,KL
25-34,Sensitive,Dryness,217,Moisturizer,Watsons,Negeri Sembilan
18-24,Sensitive,Pigmentation,157,Cleanser,Guardian,Selangor
25-34,Dry,Dullness,68,Essence,Shopee,KL
35-44,Dry,Wrinkles,381,Serum,Shopee,Negeri Sembilan
45+,Oily,Sensitivity,121,Cleanser,Guardian,Johor
18-24,Sensitive,Dryness,158,Moisturizer,Watsons,Perak
18-24,Combination,Pigmentation,317,Essence,Lazada,Johor
45+,Sensitive,Dullness,289,Toner,Watsons,KL
18-24,Combination,Dullness,350,Moisturizer,Lazada,Selangor
18-24,Normal,Dryness,139,Serum,Guardian,Penang
25-34,Sensitive,Wrinkles,152,Essence,Guardian,Johor
18-24,Normal,Dryness,299,Sunscreen,Shopee,Johor
35-44,Dry,Dullness,57,Cleanser,Lazada,Negeri Sembilan
35-44,Dry,Acne,202,Toner,Watsons,Sarawak
45+,Oily,Pigmentation,396,Sunscreen,Guardian,Penang
18-24,Sensitive,Dryness,223,Essence,Watsons,KL
45+,Normal,Dullness,392,Essence,Shopee,Perak
35-44,Combination,Wrinkles,207,Moisturizer,Lazada,Selangor
18-24,Dry,Dullness,264,Essence,Lazada,Sarawak
18-24,Dry,Wrinkles,226,Toner,Guardian,KL
45+,Combination,Dryness,224,Sunscreen,Lazada,Sabah
35-44,Normal,Wrinkles,389,Toner,Guardian,Perak
18-24,Normal,Sensitivity,387,Serum,Shopee,Johor
45+,Sensitive,Sensitivity,195,Serum,Lazada,Sabah
35-44,Sensitive,Sensitivity,373,Cleanser,Guardian,Johor
45+,Oily,Acne,210,Cleanser,Watsons,Johor
25-34,Dry,Dryness,176,Serum,Guardian,Sabah
18-24,Sensitive,Dullness,131,Essence,Lazada,Perak
25-34,Normal,Dullness,196,Toner,Shopee,Negeri Sembilan
35-44,Combination,Acne,288,Serum,Lazada,Sabah
25-34,Normal,Wrinkles,133,Cleanser,Lazada,KL
25-34,Dry,Acne,162,Serum,Guardian,Sarawak
35-44,Normal,Wrinkles,274,Essence,Watsons,Sarawak
45+,Oily,Wrinkles,381,Serum,Lazada,Sabah
25-34,Dry,Pigmentation,292,Toner,Watsons,KL
45+,Combination,Dullness,192,Sunscreen,Guardian,Negeri Sembilan
25-34,Oily,Sensitivity,90,Essence,Watsons,Sarawak
45+,Dry,Wrinkles,307,Cleanser,Guardian,KL
35-44,Combination,Pigmentation,334,Toner,Shopee,Negeri Sembilan
25-34,Oily,Dullness,154,Serum,Watsons,KL
35-44,Oily,Sensitivity,251,Serum,Watsons,Johor
25-34,Dry,Wrinkles,356,Sunscreen,Shopee,Sarawak
35-44,Sensitive,Wrinkles,380,Cleanser,Watsons,Negeri Sembilan
35-44,Oily,Acne,315,Cleanser,Shopee,Sarawak
25-34,Oily,Acne,259,Moisturizer,Lazada,Johor
25-34,Combination,Dullness,100,Cleanser,Guardian,Sabah
25-34,Normal,Sensitivity,167,Sunscreen,Shopee,Johor
18-24,Dry,Wrinkles,250,Moisturizer,Watsons,Sarawak
45+,Dry,Dullness,88,Moisturizer,Shopee,Sarawak
18-24,Sensitive,Dullness,77,Serum,Watsons,Perak
18-24,Sensitive,Dryness,308,Serum,Lazada,Negeri Sembilan
35-44,Dry,Acne,133,Cleanser,Shopee,Sabah
25-34,Sensitive,Sensitivity,204,Moisturizer,Lazada,Johor
45+,Combination,Wrinkles,166,Serum,Guardian,Negeri Sembilan
35-44,Dry,Dullness,51,Sunscreen,Watsons,Selangor
18-24,Sensitive,Wrinkles,142,Serum,Watsons,Negeri Sembilan
25-34,Dry,Dryness,215,Essence,Lazada,Selangor
35-44,Normal,Sensitivity,399,Essence,Guardian,Sabah
25-34,Oily,Dullness,345,Serum,Shopee,Johor
35-44,Dry,Wrinkles,307,Moisturizer,Shopee,Johor
25-34,Oily,Acne,130,Moisturizer,Watsons,KL
18-24,Sensitive,Dryness,317,Toner,Lazada,Sarawak
45+,Oily,Sensitivity,284,Essence,Lazada,Penang
18-24,Dry,Dryness,370,Sunscreen,Shopee,Perak
45+,Normal,Acne,360,Moisturizer,Guardian,Negeri Sembilan
25-34,Sensitive,Sensitivity,350,Cleanser,Guardian,Sabah
35-44,Dry,Dryness,262,Essence,Shopee,Penang
18-24,Sensitive,Pigmentation,111,Sunscreen,Shopee,Negeri Sembilan
45+,Combination,Acne,98,Sunscreen,Lazada,Penang
18-24,Oily,Acne,176,Moisturizer,Guardian,Sabah
45+,Combination,Acne,272,Sunscreen,Shopee,Johor
18-24,Dry,Pigmentation,328,Moisturizer,Shopee,Sabah
45+,Normal,Pigmentation,343,Serum,Watsons,Negeri Sembilan
45+,Sensitive,Wrinkles,333,Essence,Shopee,Penang
25-34,Oily,Dullness,326,Toner,Shopee,Sarawak
45+,Sensitive,Dryness,156,Serum,Guardian,Perak
25-34,Dry,Wrinkles,195,Essence,Lazada,Perak
45+,Sensitive,Dryness,148,Moisturizer,Guardian,Sarawak
35-44,Oily,Dullness,122,Essence,Lazada,Sarawak
35-44,Dry,Pigmentation,171,Moisturizer,Watsons,Johor
35-44,Sensitive,Dullness,79,Serum,Shopee,Negeri Sembilan
45+,Normal,Pigmentation,237,Cleanser,Watsons,Selangor
25-34,Dry,Dullness,337,Cleanser,Lazada,Sabah
25-34,Dry,Wrinkles,244,Essence,Guardian,Perak
45+,Normal,Sensitivity,205,Cleanser,Guardian,Sarawak
35-44,Combination,Wrinkles,221,Moisturizer,Watsons,Sabah
35-44,Oily,Dryness,384,Sunscreen,Lazada,Perak
25-34,Combination,Wrinkles,90,Moisturizer,Watsons,Sarawak
35-44,Sensitive,Acne,112,Sunscreen,Watsons,Negeri Sembilan
18-24,Normal,Dryness,72,Serum,Shopee,Perak
25-34,Combination,Dullness,124,Toner,Watsons,Johor
35-44,Dry,Dryness,97,Sunscreen,Shopee,Selangor
25-34,Sensitive,Sensitivity,209,Cleanser,Shopee,Selangor
18-24,Sensitive,Pigmentation,362,Moisturizer,Guardian,Sarawak
25-34,Combination,Dullness,167,Serum,Shopee,Perak
25-34,Combination,Dryness,149,Cleanser,Shopee,Johor
25-34,Normal,Dullness,216,Serum,Guardian,KL
25-34,Oily,Dullness,339,Toner,Watsons,Sabah
18-24,Combination,Dullness,205,Moisturizer,Lazada,Sabah
45+,Combination,Pigmentation,56,Essence,Lazada,Penang
25-34,Dry,Wrinkles,245,Moisturizer,Lazada,Johor
25-34,Sensitive,Dullness,105,Toner,Watsons,Perak
35-44,Oily,Acne,370,Moisturizer,Shopee,Negeri Sembilan
25-34,Dry,Sensitivity,242,Essence,Lazada,Negeri Sembilan
35-44,Normal,Pigmentation,96,Sunscreen,Watsons,Penang
45+,Normal,Dryness,197,Serum,Shopee,Sarawak
18-24,Combination,Pigmentation,324,Essence,Guardian,Perak
18-24,Combination,Dryness,206,Cleanser,Lazada,Penang
45+,Normal,Pigmentation,251,Toner,Shopee,Selangor
18-24,Combination,Dryness,175,Sunscreen,Lazada,Sabah
45+,Oily,Dullness,354,Cleanser,Lazada,Perak
45+,Combination,Wrinkles,343,Cleanser,Lazada,Penang
45+,Sensitive,Dryness,113,Toner,Shopee,Selangor
18-24,Combination,Dryness,374,Sunscreen,Watsons,Johor
35-44,Dry,Acne,225,Cleanser,Shopee,Penang
45+,Oily,Dryness,165,Cleanser,Lazada,Sarawak
25-34,Dry,Acne,253,Sunscreen,Shopee,Sarawak
18-24,Dry,Sensitivity,370,Moisturizer,Guardian,Sarawak
45+,Sensitive,Dullness,80,Cleanser,Watsons,Perak
45+,Oily,Acne,162,Serum,Shopee,Negeri Sembilan
25-34,Oily,Wrinkles,374,Sunscreen,Guardian,Negeri Sembilan
35-44,Oily,Dullness,393,Cleanser,Watsons,Sabah
35-44,Oily,Acne,116,Toner,Guardian,Penang
35-44,Oily,Dullness,124,Essence,Watsons,Johor
45+,Sensitive,Dullness,94,Serum,Shopee,Penang
45+,Combination,Dullness,309,Essence,Guardian,Sabah
45+,Dry,Sensitivity,203,Essence,Lazada,Selangor
18-24,Oily,Wrinkles,204,Cleanser,Guardian,Sabah
25-34,Combination,Pigmentation,283,Serum,Watsons,Sarawak
45+,Combination,Pigmentation,100,Serum,Shopee,Perak
25-34,Dry,Acne,355,Moisturizer,Watsons,Selangor
25-34,Sensitive,Dullness,311,Essence,Guardian,Perak
35-44,Normal,Acne,364,Serum,Guardian,Sarawak
18-24,Normal,Sensitivity,174,Moisturizer,Lazada,KL
45+,Combination,Sensitivity,294,Sunscreen,Shopee,Sabah
35-44,Dry,Dryness,79,Moisturizer,Shopee,Sabah
35-44,Normal,Sensitivity,171,Toner,Guardian,Johor
45+,Combination,Dryness,174,Cleanser,Shopee,Penang
25-34,Sensitive,Wrinkles,86,Sunscreen,Lazada,Selangor
35-44,Normal,Acne,219,Sunscreen,Watsons,Negeri Sembilan
25-34,Combination,Wrinkles,173,Toner,Shopee,Perak
18-24,Combination,Sensitivity,84,Moisturizer,Guardian,Selangor
25-34,Oily,Wrinkles,136,Cleanser,Watsons,Johor
18-24,Sensitive,Wrinkles,183,Moisturizer,Watsons,Johor
25-34,Oily,Wrinkles,245,Serum,Lazada,Perak
35-44,Dry,Sensitivity,323,Moisturizer,Guardian,Negeri Sembilan
35-44,Oily,Dullness,250,Sunscreen,Shopee,Penang
18-24,Oily,Wrinkles,334,Cleanser,Guardian,Perak
45+,Normal,Dryness,126,Moisturizer,Watsons,Perak
18-24,Combination,Sensitivity,108,Cleanser,Guardian,Sarawak
18-24,Sensitive,Wrinkles,175,Cleanser,Shopee,Negeri Sembilan
25-34,Oily,Dullness,158,Serum,Shopee,Penang
25-34,Sensitive,Sensitivity,273,Serum,Lazada,Sabah
18-24,Oily,Pigmentation,327,Sunscreen,Shopee,Sarawak
35-44,Dry,Dullness,117,Toner,Shopee,KL
25-34,Oily,Dryness,118,Cleanser,Guardian,Negeri Sembilan
45+,Normal,Wrinkles,214,Toner,Guardian,Penang
25-34,Combination,Pigmentation,354,Sunscreen,Watsons,Johor
25-34,Dry,Pigmentation,211,Cleanser,Lazada,Sarawak
45+,Oily,Sensitivity,391,Cleanser,Guardian,Penang
18-24,Sensitive,Pigmentation,358,Essence,Shopee,Selangor
45+,Dry,Dryness,392,Toner,Watsons,Perak
18-24,Dry,Dryness,91,Moisturizer,Guardian,KL
18-24,Oily,Acne,158,Serum,Lazada,Sabah
18-24,Dry,Dryness,100,Moisturizer,Lazada,Perak
45+,Sensitive,Dullness,299,Toner,Watsons,Selangor
18-24,Dry,Pigmentation,390,Serum,Watsons,Selangor
35-44,Sensitive,Dryness,70,Moisturizer,Watsons,KL
45+,Oily,Sensitivity,349,Essence,Watsons,Sabah
35-44,Combination,Acne,188,Serum,Watsons,Johor
18-24,Dry,Pigmentation,373,Cleanser,Shopee,Sarawak
25-34,Combination,Acne,141,Moisturizer,Shopee,Negeri Sembilan
18-24,Sensitive,Pigmentation,329,Serum,Guardian,Sabah
35-44,Dry,Sensitivity,174,Essence,Lazada,Negeri Sembilan
35-44,Normal,Acne,160,Serum,Shopee,Penang
45+,Combination,Wrinkles,188,Serum,Shopee,Selangor
25-34,Dry,Dullness,322,Essence,Shopee,Penang
45+,Combination,Dullness,148,Moisturizer,Guardian,Johor
35-44,Dry,Pigmentation,301,Sunscreen,Watsons,Penang
18-24,Oily,Wrinkles,387,Moisturizer,Guardian,Sabah
25-34,Combination,Acne,153,Toner,Lazada,Penang
18-24,Normal,Wrinkles,263,Essence,Lazada,Johor
18-24,Normal,Wrinkles,298,Moisturizer,Lazada,Johor
25-34,Sensitive,Acne,201,Serum,Lazada,Johor
45+,Dry,Sensitivity,299,Essence,Shopee,Sabah
18-24,Combination,Wrinkles,324,Cleanser,Shopee,Johor
35-44,Sensitive,Wrinkles,214,Moisturizer,Guardian,Selangor
18-24,Combination,Sensitivity,390,Essence,Watsons,Perak
25-34,Dry,Wrinkles,57,Moisturizer,Lazada,Johor
25-34,Normal,Wrinkles,333,Essence,Guardian,Penang
25-34,Oily,Wrinkles,54,Serum,Shopee,Sarawak
45+,Normal,Dullness,194,Cleanser,Shopee,Penang
18-24,Sensitive,Dryness,150,Cleanser,Watsons,Sarawak
45+,Oily,Sensitivity,213,Toner,Watsons,Penang
45+,Sensitive,Wrinkles,196,Essence,Watsons,Sabah
25-34,Dry,Dullness,113,Moisturizer,Guardian,Penang
25-34,Oily,Sensitivity,140,Cleanser,Shopee,Sabah
45+,Sensitive,Pigmentation,166,Cleanser,Shopee,Sabah
18-24,Dry,Pigmentation,316,Sunscreen,Watsons,Johor
35-44,Normal,Wrinkles,359,Sunscreen,Lazada,Selangor
45+,Dry,Dullness,222,Cleanser,Watsons,Sarawak
18-24,Combination,Dullness,96,Essence,Guardian,Johor
25-34,Dry,Sensitivity,189,Toner,Watsons,Johor
25-34,Dry,Sensitivity,295,Cleanser,Watsons,Perak
18-24,Combination,Dullness,198,Serum,Guardian,Sabah
35-44,Sensitive,Sensitivity,295,Moisturizer,Watsons,Sabah
25-34,Sensitive,Dullness,54,Toner,Shopee,Sarawak
25-34,Dry,Dryness,233,Serum,Lazada,Penang
25-34,Combination,Dullness,69,Toner,Watsons,Penang
18-24,Combination,Pigmentation,95,Serum,Guardian,Negeri Sembilan
45+,Normal,Sensitivity,61,Moisturizer,Lazada,Johor
25-34,Sensitive,Dullness,119,Moisturizer,Guardian,Negeri Sembilan
45+,Oily,Dullness,66,Sunscreen,Lazada,KL
35-44,Sensitive,Sensitivity,196,Essence,Lazada,KL
25-34,Sensitive,Dryness,203,Serum,Watsons,Negeri Sembilan
25-34,Normal,Dryness,353,Sunscreen,Shopee,Penang
35-44,Oily,Sensitivity,157,Serum,Watsons,KL
25-34,Normal,Acne,285,Sunscreen,Guardian,Perak
45+,Oily,Sensitivity,357,Moisturizer,Guardian,Penang
18-24,Dry,Sensitivity,119,Toner,Lazada,Sabah
45+,Oily,Dryness,232,Sunscreen,Lazada,Johor
18-24,Normal,Dryness,299,Serum,Shopee,Selangor
18-24,Sensitive,Sensitivity,277,Serum,Watsons,Johor
45+,Oily,Sensitivity,151,Essence,Guardian,Negeri Sembilan
45+,Oily,Sensitivity,124,Moisturizer,Lazada,Penang
45+,Combination,Dryness,265,Serum,Shopee,Negeri Sembilan
45+,Sensitive,Sensitivity,252,Cleanser,Guardian,Perak
35-44,Dry,Sensitivity,241,Toner,Lazada,Penang
25-34,Normal,Wrinkles,298,Sunscreen,Guardian,Johor
18-24,Dry,Acne,291,Essence,Shopee,Perak
45+,Sensitive,Pigmentation,228,Toner,Shopee,Perak
45+,Oily,Acne,268,Moisturizer,Guardian,Perak
45+,Oily,Wrinkles,131,Essence,Watsons,Sarawak
35-44,Sensitive,Pigmentation,141,Sunscreen,Guardian,Penang
45+,Oily,Sensitivity,224,Sunscreen,Lazada,KL
45+,Oily,Wrinkles,288,Cleanser,Watsons,KL
45+,Oily,Sensitivity,309,Moisturizer,Lazada,Penang
25-34,Normal,Dryness,212,Essence,Guardian,Penang
35-44,Normal,Dullness,97,Essence,Watsons,Sarawak
45+,Combination,Wrinkles,378,Serum,Lazada,KL
18-24,Dry,Dryness,377,Cleanser,Guardian,Penang
18-24,Sensitive,Wrinkles,165,Cleanser,Guardian,Penang
18-24,Sensitive,Wrinkles,386,Essence,Watsons,Negeri Sembilan
35-44,Sensitive,Dryness,386,Essence,Guardian,Sarawak
35-44,Combination,Pigmentation,274,Toner,Shopee,Sarawak
18-24,Normal,Acne,377,Toner,Lazada,Johor
45+,Combination,Sensitivity,196,Toner,Lazada,Sarawak
35-44,Sensitive,Wrinkles,112,Cleanser,Guardian,Selangor
18-24,Dry,Sensitivity,343,Serum,Guardian,KL
18-24,Oily,Dullness,372,Sunscreen,Shopee,Johor
45+,Normal,Dryness,374,Toner,Watsons,Selangor
25-34,Normal,Sensitivity,62,Serum,Guardian,Penang
35-44,Combination,Dryness,238,Moisturizer,Guardian,Negeri Sembilan
45+,Normal,Sensitivity,336,Toner,Guardian,Negeri Sembilan
18-24,Sensitive,Acne,257,Sunscreen,Guardian,Penang
18-24,Sensitive,Acne,163,Moisturizer,Lazada,Johor
45+,Combination,Acne,71,Moisturizer,Guardian,Sarawak
35-44,Sensitive,Acne,398,Sunscreen,Lazada,Perak
25-34,Dry,Acne,263,Toner,Guardian,Negeri Sembilan
25-34,Combination,Acne,220,Cleanser,Watsons,Perak
18-24,Dry,Dryness,372,Sunscreen,Shopee,Penang
35-44,Oily,Wrinkles,103,Sunscreen,Watsons,Perak
25-34,Dry,Sensitivity,347,Sunscreen,Guardian,Sabah
35-44,Oily,Acne,369,Moisturizer,Guardian,Johor
35-44,Oily,Dryness,175,Serum,Guardian,Selangor
18-24,Dry,Dryness,326,Cleanser,Watsons,Johor
25-34,Combination,Dryness,253,Toner,Guardian,KL
45+,Sensitive,Wrinkles,243,Toner,Watsons,Sarawak
18-24,Sensitive,Sensitivity,218,Serum,Lazada,Sarawak
25-34,Oily,Wrinkles,201,Sunscreen,Shopee,Johor
25-34,Oily,Pigmentation,84,Cleanser,Shopee,Penang
25-34,Combination,Dryness,233,Toner,Watsons,Penang
25-34,Normal,Pigmentation,335,Essence,Lazada,Sabah
25-34,Dry,Dullness,106,Toner,Watsons,Sabah
35-44,Oily,Acne,271,Sunscreen,Lazada,Sarawak
18-24,Sensitive,Acne,352,Essence,Guardian,Sabah
35-44,Combination,Wrinkles,212,Serum,Lazada,Negeri Sembilan
45+,Dry,Sensitivity,68,Cleanser,Lazada,Negeri Sembilan
25-34,Combination,Pigmentation,313,Serum,Lazada,Selangor
18-24,Dry,Sensitivity,331,Serum,Shopee,Sabah
25-34,Dry,Wrinkles,162,Cleanser,Lazada,Selangor
18-24,Oily,Acne,376,Cleanser,Guardian,Sabah
35-44,Combination,Sensitivity,79,Toner,Guardian,Sarawak
18-24,Combination,Sensitivity,184,Toner,Guardian,Sarawak
45+,Sensitive,Acne,116,Cleanser,Lazada,Selangor
45+,Sensitive,Pigmentation,114,Essence,Watsons,Johor
18-24,Oily,Acne,341,Moisturizer,Watsons,Sarawak
18-24,Oily,Sensitivity,74,Toner,Guardian,Johor
18-24,Normal,Pigmentation,86,Moisturizer,Shopee,Penang
18-24,Sensitive,Pigmentation,50,Essence,Watsons,Negeri Sembilan
45+,Dry,Acne,86,Cleanser,Lazada,Selangor
25-34,Combination,Sensitivity,190,Essence,Watsons,Perak
18-24,Oily,Wrinkles,281,Toner,Guardian,Sarawak
18-24,Combination,Sensitivity,185,Serum,Shopee,KL
45+,Combination,Dryness,237,Cleanser,Watsons,Penang
45+,Normal,Dullness,177,Sunscreen,Watsons,Johor
35-44,Sensitive,Wrinkles,250,Moisturizer,Guardian,Sarawak
18-24,Oily,Pigmentation,176,Essence,Shopee,Selangor
35-44,Combination,Wrinkles,306,Cleanser,Shopee,Perak
45+,Oily,Pigmentation,213,Essence,Guardian,Sabah
45+,Dry,Pigmentation,84,Cleanser,Lazada,Perak
25-34,Normal,Wrinkles,243,Toner,Watsons,KL
18-24,Dry,Pigmentation,240,Toner,Lazada,Johor
35-44,Oily,Pigmentation,153,Toner,Watsons,Penang
45+,Oily,Dryness,72,Essence,Watsons,Perak
45+,Sensitive,Sensitivity,314,Sunscreen,Lazada,Selangor
35-44,Combination,Sensitivity,339,Toner,Guardian,KL
25-34,Combination,Dullness,309,Cleanser,Guardian,Selangor
45+,Dry,Dullness,124,Toner,Watsons,Sarawak
18-24,Normal,Dryness,121,Serum,Guardian,Sabah
45+,Combination,Dullness,308,Toner,Watsons,Penang
18-24,Sensitive,Wrinkles,237,Essence,Guardian,Selangor
35-44,Dry,Acne,222,Sunscreen,Watsons,Johor
18-24,Dry,Acne,339,Serum,Guardian,Sarawak
35-44,Sensitive,Acne,94,Essence,Shopee,Sarawak
18-24,Normal,Dryness,110,Essence,Lazada,Penang
35-44,Sensitive,Dryness,132,Essence,Shopee,Sarawak
18-24,Normal,Pigmentation,172,Cleanser,Lazada,Johor
25-34,Sensitive,Acne,65,Essence,Lazada,Selangor
18-24,Sensitive,Wrinkles,115,Cleanser,Watsons,Penang
18-24,Oily,Dullness,194,Essence,Lazada,Negeri Sembilan
25-34,Dry,Wrinkles,211,Moisturizer,Shopee,Sarawak
45+,Sensitive,Dullness,283,Serum,Shopee,Sarawak
45+,Sensitive,Acne,193,Moisturizer,Guardian,Johor
18-24,Combination,Acne,237,Essence,Shopee,Sabah
25-34,Dry,Acne,371,Serum,Guardian,Sabah
18-24,Combination,Dryness,62,Serum,Lazada,Perak
35-44,Dry,Dullness,233,Sunscreen,Shopee,Sarawak
35-44,Combination,Dryness,160,Moisturizer,Lazada,Negeri Sembilan
18-24,Sensitive,Dryness,339,Sunscreen,Shopee,Selangor
45+,Sensitive,Sensitivity,344,Serum,Shopee,Penang
45+,Oily,Wrinkles,264,Cleanser,Guardian,Sarawak
18-24,Combination,Wrinkles,169,Serum,Lazada,KL
18-24,Normal,Pigmentation,104,Sunscreen,Shopee,Penang
35-44,Oily,Dryness,76,Moisturizer,Watsons,Perak
45+,Combination,Dullness,167,Essence,Lazada,Sabah
18-24,Combination,Sensitivity,270,Essence,Lazada,Negeri Sembilan
35-44,Oily,Sensitivity,280,Moisturizer,Lazada,Sarawak
45+,Sensitive,Wrinkles,102,Essence,Guardian,Johor
25-34,Combination,Dryness,344,Essence,Watsons,KL
35-44,Sensitive,Pigmentation,370,Sunscreen,Lazada,Sarawak
45+,Oily,Dryness,282,Moisturizer,Shopee,Negeri Sembilan
45+,Sensitive,Acne,207,Toner,Shopee,Perak
35-44,Dry,Dryness,318,Cleanser,Guardian,Selangor
25-34,Normal,Acne,70,Cleanser,Shopee,KL
35-44,Combination,Acne,102,Essence,Lazada,Perak
45+,Normal,Pigmentation,324,Cleanser,Shopee,Sarawak
18-24,Sensitive,Dullness,362,Moisturizer,Lazada,Selangor
18-24,Combination,Wrinkles,330,Moisturizer,Shopee,KL
35-44,Sensitive,Dryness,263,Serum,Watsons,Selangor
45+,Dry,Acne,80,Serum,Guardian,Selangor
18-24,Oily,Dryness,386,Cleanser,Guardian,KL
45+,Combination,Dullness,232,Toner,Watsons,KL
35-44,Dry,Wrinkles,72,Serum,Watsons,Selangor
18-24,Dry,Dullness,81,Serum,Guardian,Perak
45+,Combination,Wrinkles,123,Moisturizer,Watsons,Negeri Sembilan
18-24,Sensitive,Sensitivity,59,Toner,Lazada,Sabah
35-44,Dry,Wrinkles,103,Essence,Shopee,KL
45+,Normal,Pigmentation,101,Cleanser,Guardian,Sarawak
18-24,Dry,Dullness,197,Serum,Watsons,Penang
35-44,Sensitive,Acne,209,Toner,Lazada,Johor
18-24,Sensitive,Sensitivity,63,Toner,Guardian,Selangor
18-24,Normal,Pigmentation,227,Cleanser,Watsons,Selangor
25-34,Dry,Dryness,102,Toner,Guardian,Johor
25-34,Sensitive,Dullness,384,Toner,Watsons,Sabah
35-44,Combination,Acne,71,Toner,Guardian,Johor
25-34,Oily,Wrinkles,79,Serum,Lazada,KL
35-44,Oily,Acne,240,Cleanser,Lazada,Johor
25-34,Oily,Dryness,309,Toner,Shopee,Selangor
18-24,Dry,Sensitivity,254,Toner,Guardian,Johor
35-44,Normal,Sensitivity,108,Serum,Shopee,Penang
35-44,Sensitive,Dullness,313,Cleanser,Guardian,Sarawak
18-24,Combination,Sensitivity,61,Moisturizer,Watsons,KL
35-44,Combination,Dullness,168,Serum,Watsons,Johor
35-44,Dry,Dullness,339,Cleanser,Shopee,Selangor
25-34,Oily,Dullness,387,Toner,Guardian,Perak
35-44,Dry,Wrinkles,297,Cleanser,Shopee,Sarawak
45+,Normal,Pigmentation,176,Cleanser,Lazada,KL
18-24,Normal,Dullness,124,Essence,Shopee,Selangor
25-34,Sensitive,Dullness,253,Cleanser,Shopee,Sabah
25-34,Sensitive,Pigmentation,98,Moisturizer,Watsons,Penang
45+,Normal,Acne,128,Cleanser,Shopee,Negeri Sembilan
18-24,Normal,Dullness,290,Moisturizer,Guardian,Sabah
18-24,Normal,Wrinkles,398,Toner,Watsons,Negeri Sembilan
25-34,Dry,Sensitivity,203,Moisturizer,Shopee,Penang
35-44,Normal,Sensitivity,323,Toner,Lazada,Johor
25-34,Combination,Dryness,145,Toner,Shopee,KL
18-24,Oily,Dryness,263,Moisturizer,Shopee,Johor
45+,Normal,Sensitivity,343,Serum,Shopee,Penang
25-34,Oily,Sensitivity,258,Sunscreen,Watsons,Penang
18-24,Dry,Wrinkles,392,Cleanser,Guardian,Penang
25-34,Oily,Pigmentation,137,Essence,Lazada,Negeri Sembilan
35-44,Dry,Dryness,355,Sunscreen,Shopee,Sarawak
25-34,Combination,Pigmentation,313,Cleanser,Guardian,Selangor
25-34,Dry,Wrinkles,374,Cleanser,Guardian,KL
18-24,Dry,Sensitivity,369,Toner,Watsons,Johor
18-24,Sensitive,Dullness,206,Cleanser,Lazada,Johor
18-24,Normal,Pigmentation,205,Essence,Watsons,Sabah
25-34,Normal,Sensitivity,188,Cleanser,Guardian,Negeri Sembilan
35-44,Combination,Sensitivity,170,Moisturizer,Guardian,Penang
45+,Combination,Acne,114,Sunscreen,Guardian,Perak
45+,Normal,Pigmentation,156,Moisturizer,Watsons,Penang
18-24,Sensitive,Dullness,196,Essence,Lazada,Penang
18-24,Normal,Pigmentation,186,Cleanser,Shopee,Perak
25-34,Sensitive,Sensitivity,211,Essence,Watsons,Johor
45+,Combination,Dullness,149,Toner,Guardian,Sabah
18-24,Oily,Wrinkles,387,Moisturizer,Watsons,Selangor
35-44,Combination,Acne,356,Moisturizer,Guardian,Perak
35-44,Combination,Sensitivity,190,Serum,Shopee,Negeri Sembilan
18-24,Dry,Dryness,132,Cleanser,Shopee,Sarawak
18-24,Dry,Dryness,226,Toner,Lazada,KL
45+,Dry,Acne,247,Moisturizer,Guardian,Negeri Sembilan
45+,Dry,Wrinkles,161,Moisturizer,Lazada,Perak
25-34,Sensitive,Sensitivity,105,Toner,Lazada,Selangor
45+,Normal,Pigmentation,228,Essence,Shopee,Johor
35-44,Oily,Acne,235,Essence,Watsons,Sarawak
35-44,Combination,Wrinkles,267,Cleanser,Watsons,Sarawak
18-24,Sensitive,Pigmentation,365,Serum,Lazada,Sarawak
45+,Oily,Dryness,266,Moisturizer,Shopee,Penang
25-34,Sensitive,Dryness,169,Serum,Guardian,KL
35-44,Sensitive,Pigmentation,224,Essence,Watsons,Johor
35-44,Combination,Acne,72,Essence,Lazada,Johor
25-34,Normal,Dryness,262,Sunscreen,Watsons,Sarawak
25-34,Dry,Sensitivity,284,Cleanser,Watsons,Johor
35-44,Normal,Dullness,62,Sunscreen,Guardian,KL
35-44,Combination,Pigmentation,150,Sunscreen,Shopee,KL
25-34,Combination,Pigmentation,73,Sunscreen,Guardian,Sabah
35-44,Combination,Dryness,60,Cleanser,Shopee,Perak
18-24,Oily,Acne,322,Cleanser,Watsons,Perak
18-24,Normal,Sensitivity,330,Toner,Lazada,Sabah
25-34,Normal,Acne,143,Serum,Guardian,Selangor
45+,Sensitive,Wrinkles,250,Serum,Shopee,Perak
25-34,Sensitive,Wrinkles,70,Toner,Watsons,KL
25-34,Sensitive,Dullness,389,Toner,Shopee,KL
45+,Combination,Dryness,260,Essence,Shopee,Perak
45+,Normal,Dryness,189,Sunscreen,Shopee,KL
45+,Combination,Dryness,342,Toner,Watsons,Sabah
18-24,Oily,Dullness,347,Moisturizer,Lazada,Sarawak
35-44,Sensitive,Wrinkles,150,Serum,Lazada,Sarawak
18-24,Combination,Acne,353,Toner,Lazada,Johor
35-44,Combination,Dullness,77,Moisturizer,Shopee,Negeri Sembilan
18-24,Oily,Dullness,90,Moisturizer,Watsons,Negeri Sembilan
35-44,Dry,Acne,352,Moisturizer,Shopee,Sarawak
18-24,Normal,Dryness,195,Essence,Lazada,Penang
45+,Dry,Sensitivity,305,Essence,Lazada,Sabah
25-34,Sensitive,Acne,276,Moisturizer,Watsons,KL
18-24,Combination,Wrinkles,285,Essence,Shopee,Perak
35-44,Oily,Pigmentation,62,Sunscreen,Guardian,Sarawak
45+,Oily,Pigmentation,259,Moisturizer,Guardian,Sabah
18-24,Normal,Dullness,278,Sunscreen,Lazada,Sarawak
18-24,Dry,Pigmentation,149,Sunscreen,Watsons,Selangor
45+,Normal,Sensitivity,80,Moisturizer,Shopee,KL
18-24,Combination,Dryness,65,Serum,Shopee,Selangor
25-34,Normal,Wrinkles,186,Moisturizer,Lazada,KL
18-24,Oily,Sensitivity,378,Moisturizer,Lazada,Sabah
25-34,Oily,Wrinkles,215,Essence,Shopee,Johor
25-34,Sensitive,Wrinkles,359,Moisturizer,Shopee,Sarawak
45+,Sensitive,Dryness,149,Serum,Lazada,Sarawak
18-24,Combination,Dullness,158,Essence,Shopee,Penang
45+,Dry,Pigmentation,392,Cleanser,Guardian,Perak
18-24,Normal,Dryness,222,Cleanser,Lazada,Selangor
18-24,Combination,Sensitivity,286,Sunscreen,Shopee,Sarawak
35-44,Sensitive,Dullness,211,Sunscreen,Lazada,Sabah
18-24,Normal,Sensitivity,265,Serum,Watsons,Johor
45+,Sensitive,Dullness,313,Toner,Lazada,Perak
25-34,Normal,Sensitivity,312,Cleanser,Lazada,Sabah
18-24,Dry,Dryness,341,Sunscreen,Watsons,Selangor
35-44,Combination,Dullness,323,Cleanser,Guardian,Penang
45+,Normal,Dullness,52,Serum,Shopee,Sarawak
18-24,Oily,Wrinkles,77,Serum,Watsons,Sabah
45+,Oily,Wrinkles,375,Toner,Lazada,Perak
35-44,Normal,Acne,198,Toner,Shopee,KL
35-44,Normal,Sensitivity,77,Essence,Watsons,Johor
45+,Normal,Wrinkles,359,Serum,Shopee,Perak
18-24,Oily,Acne,114,Sunscreen,Shopee,Sabah
25-34,Oily,Wrinkles,70,Cleanser,Watsons,Johor
35-44,Normal,Sensitivity,301,Moisturizer,Shopee,Sarawak
18-24,Sensitive,Dullness,284,Toner,Guardian,KL
18-24,Sensitive,Pigmentation,276,Moisturizer,Watsons,Penang
25-34,Dry,Sensitivity,62,Sunscreen,Guardian,Perak
35-44,Combination,Dryness,362,Toner,Lazada,Penang
35-44,Sensitive,Wrinkles,98,Moisturizer,Shopee,KL
18-24,Oily,Wrinkles,167,Sunscreen,Lazada,Johor
18-24,Sensitive,Dullness,103,Cleanser,Lazada,Sarawak
25-34,Dry,Dryness,187,Sunscreen,Shopee,Sabah
25-34,Dry,Dullness,102,Essence,Watsons,KL
35-44,Combination,Dryness,93,Toner,Shopee,Selangor
45+,Sensitive,Pigmentation,352,Serum,Lazada,Johor
35-44,Oily,Wrinkles,102,Cleanser,Lazada,Penang
18-24,Oily,Wrinkles,123,Moisturizer,Watsons,Perak
35-44,Normal,Pigmentation,95,Toner,Shopee,KL
45+,Oily,Acne,62,Serum,Lazada,Penang
25-34,Combination,Dullness,214,Sunscreen,Guardian,Johor
45+,Combination,Pigmentation,151,Serum,Lazada,Penang
45+,Oily,Dullness,329,Toner,Lazada,KL
45+,Oily,Sensitivity,307,Toner,Watsons,Johor
25-34,Normal,Wrinkles,386,Essence,Guardian,Selangor
45+,Oily,Dullness,187,Essence,Lazada,KL
45+,Normal,Dryness,212,Serum,Lazada,Sabah
45+,Normal,Dullness,160,Sunscreen,Guardian,Negeri Sembilan
18-24,Oily,Sensitivity,151,Serum,Shopee,Sarawak
45+,Dry,Wrinkles,66,Toner,Shopee,KL
25-34,Dry,Pigmentation,317,Toner,Lazada,Johor
45+,Normal,Sensitivity,231,Moisturizer,Lazada,Perak
45+,Oily,Wrinkles,73,Essence,Shopee,Sarawak
25-34,Dry,Dullness,78,Moisturizer,Watsons,KL
45+,Oily,Acne,220,Cleanser,Guardian,Selangor
25-34,Oily,Acne,277,Toner,Guardian,Perak
45+,Oily,Dryness,237,Moisturizer,Watsons,Selangor
25-34,Sensitive,Wrinkles,395,Serum,Watsons,Sabah
45+,Oily,Acne,279,Essence,Watsons,Perak
45+,Sensitive,Pigmentation,370,Essence,Watsons,Penang
18-24,Normal,Wrinkles,389,Sunscreen,Watsons,Negeri Sembilan
18-24,Dry,Pigmentation,168,Serum,Watsons,Perak
45+,Dry,Pigmentation,205,Sunscreen,Guardian,Sarawak
45+,Dry,Acne,321,Moisturizer,Watsons,Perak
35-44,Dry,Wrinkles,224,Cleanser,Shopee,Johor
